{
"lengthUnit": "mil",
"components": {
	"fields": ["COMPONENT_NO", "COMPONENT_NAME", "LAYER", "X_COORDINATE", "Y_COORDINATE", "ANGLE"],
	"rows": [
		[1, "1-2-3-GND", "T", 455, -2580, 90],
		[2, "3V3", "T", -595, -2235, 0],
		[3, "3V3O", "T", 454.97, -3154.97, 90],
		[4, "B1", "B", -75, -2125.98, 90],
		[5, "BATTERY", "T", 455, -3400, 270],
		[6, "C1", "T", -550.03, -689.97, 0],
		[7, "GRIP", "T", 455, -2915, 90],
		[8, "LED1", "T", -625, 105, 90],
		[9, "LED2", "T", 475, 105, 90],
		[10, "MENU", "T", -455, -945, 180],
		[11, "MODE", "T", -80.03, -989.97, 180],
		[12, "R1", "T", -615, -2065, 180],
		[13, "R2", "T", -615, -1865, 180],
		[14, "RLED1", "T", -625.03, -224.97, 90],
		[15, "RLED2", "T", 475, -225, 90],
		[16, "SRC", "T", -595, -2755, 270],
		[17, "SW1", "T", -555, -3270, 270],
		[18, "SYS", "T", 300, -945, 180],
		[19, "TRIGGER", "T", 475, -615, 90],
		[20, "U1", "T", -50, -2830, 180],
		[21, "U2", "T", 220, -1620, 270],
		[22, "U3", "T", -605.03, -1184.97, 180],
		[23, "U4", "T", -585, -2445, 90],
		[24, "U5", "T", -85, -4125, 90],
		[25, "U6", "T", -75.03, -184.97, 0],
		[26, "PAD1", "T", 185.03, -3675.03, 0],
		[27, "PAD1", "B", 185.03, -3675.03, 0],
		[28, "PAD2", "T", 65, -3675, 0],
		[29, "PAD2", "B", 65, -3675, 0],
		[30, "PAD3", "T", -235, -3675, 0],
		[31, "PAD3", "B", -235, -3675, 0],
		[32, "PAD4", "T", -355, -3675, 0],
		[33, "PAD4", "B", -355, -3675, 0],
		[34, "PAD5", "T", -235, -2580, 0],
		[35, "PAD5", "B", -235, -2580, 0],
		[36, "PAD6", "T", -235, -2480, 0],
		[37, "PAD6", "B", -235, -2480, 0]
	]
},
"pins": {
	"fields": ["PIN_NO", "PIN_NAME", "PIN_X", "PIN_Y", "LAYER", "PIN_TYPE", "NET_NAME", "NET_TYPE", "PAD_SHAPE", "PAD_SIZEX", "PAD_SIZEY", "HOLE_SIZE", "PAD_ANGLE"],
	"rows": [
		[1, "1-2-3-GND_1", 455, -2730, "T", "DIP", "GP1", "", "C", 62, 62, 35, 90],
		[2, "1-2-3-GND_1", 455, -2730, "B", "DIP", "GP1", "", "C", 62, 62, 35, 90],
		[3, "1-2-3-GND_2", 455, -2630, "T", "DIP", "GP2", "", "C", 62, 62, 35, 90],
		[4, "1-2-3-GND_2", 455, -2630, "B", "DIP", "GP2", "", "C", 62, 62, 35, 90],
		[5, "1-2-3-GND_3", 455, -2530, "T", "DIP", "GP3", "", "C", 62, 62, 35, 90],
		[6, "1-2-3-GND_3", 455, -2530, "B", "DIP", "GP3", "", "C", 62, 62, 35, 90],
		[7, "1-2-3-GND_4", 455, -2430, "T", "DIP", "GND", "GND", "P", 62, 62, 35, 90],
		[8, "1-2-3-GND_4", 455, -2430, "B", "DIP", "GND", "GND", "P", 62, 62, 35, 90],
		[9, "3V3_1", -595, -2235, "T", "DIP", "3V3", "", "C", 62, 62, 35, 270],
		[10, "3V3_1", -595, -2235, "B", "DIP", "3V3", "", "C", 62, 62, 35, 270],
		[11, "3V3O_1", 454.97, -3204.97, "T", "DIP", "3V3", "", "R", 66.93, 62, 43.31, 90],
		[12, "3V3O_1", 454.97, -3204.97, "B", "DIP", "3V3", "", "R", 66.93, 62, 43.31, 90],
		[13, "3V3O_2", 454.97, -3104.97, "T", "DIP", "GND", "GND", "C", 66.93, 66.93, 43.31, 90],
		[14, "3V3O_2", 454.97, -3104.97, "B", "DIP", "GND", "GND", "C", 66.93, 66.93, 43.31, 90],
		[15, "B1_1", -75, -3559.05, "T", "DIP", "U5_5", "", "O", 118.11, 86.61, 66.93, 180],
		[16, "B1_1", -75, -3559.05, "B", "DIP", "U5_5", "", "O", 118.11, 86.61, 66.93, 180],
		[17, "B1_2", -75, -692.91, "T", "DIP", "U5_4", "", "O", 118.11, 86.61, 66.93, 180],
		[18, "B1_2", -75, -692.91, "B", "DIP", "U5_4", "", "O", 118.11, 86.61, 66.93, 180],
		[19, "BATTERY_1", 455, -3350, "T", "DIP", "U5_5", "", "C", 62, 62, 43.31, 270],
		[20, "BATTERY_1", 455, -3350, "B", "DIP", "U5_5", "", "C", 62, 62, 43.31, 270],
		[21, "BATTERY_2", 455, -3450, "T", "DIP", "U5_4", "", "R", 66.93, 66.93, 43.31, 270],
		[22, "BATTERY_2", 455, -3450, "B", "DIP", "U5_4", "", "R", 66.93, 66.93, 43.31, 270],
		[23, "C1_1", -600.03, -689.97, "T", "DIP", "GND", "GND", "C", 47, 47, 28, 0],
		[24, "C1_1", -600.03, -689.97, "B", "DIP", "GND", "GND", "C", 47, 47, 28, 0],
		[25, "C1_2", -500.03, -689.97, "T", "DIP", "3V3", "", "C", 47, 47, 28, 0],
		[26, "C1_2", -500.03, -689.97, "B", "DIP", "3V3", "", "C", 47, 47, 28, 0],
		[27, "GRIP_1", 455, -2965, "T", "DIP", "GRIP", "", "C", 62, 62, 35, 0],
		[28, "GRIP_1", 455, -2965, "B", "DIP", "GRIP", "", "C", 62, 62, 35, 0],
		[29, "GRIP_2", 455, -2865, "T", "DIP", "GND", "GND", "R", 62, 62, 35, 0],
		[30, "GRIP_2", 455, -2865, "B", "DIP", "GND", "GND", "R", 62, 62, 35, 0],
		[31, "LED1_1", -625, 55, "T", "DIP", "RLED1_2", "", "C", 62, 62, 35, 0],
		[32, "LED1_1", -625, 55, "B", "DIP", "RLED1_2", "", "C", 62, 62, 35, 0],
		[33, "LED1_2", -625, 155, "T", "DIP", "LED1", "", "R", 62, 62, 35, 0],
		[34, "LED1_2", -625, 155, "B", "DIP", "LED1", "", "R", 62, 62, 35, 0],
		[35, "LED2_1", 475, 55, "T", "DIP", "LED2_1", "", "C", 62, 62, 35, 0],
		[36, "LED2_1", 475, 55, "B", "DIP", "LED2_1", "", "C", 62, 62, 35, 0],
		[37, "LED2_2", 475, 155, "T", "DIP", "LED2", "", "R", 62, 62, 35, 0],
		[38, "LED2_2", 475, 155, "B", "DIP", "LED2", "", "R", 62, 62, 35, 0],
		[39, "MENU_1", -297.52, -1033.59, "T", "DIP", "MENU", "", "C", 74.8, 74.8, 39.37, 180],
		[40, "MENU_1", -297.52, -1033.59, "B", "DIP", "MENU", "", "C", 74.8, 74.8, 39.37, 180],
		[41, "MENU_2", -297.52, -856.42, "T", "DIP", "GND", "GND", "C", 74.8, 74.8, 39.37, 180],
		[42, "MENU_2", -297.52, -856.42, "B", "DIP", "GND", "GND", "C", 74.8, 74.8, 39.37, 180],
		[43, "MENU_3", -612.48, -1033.59, "T", "DIP", "MENU_3", "", "C", 74.8, 74.8, 39.37, 180],
		[44, "MENU_3", -612.48, -1033.59, "B", "DIP", "MENU_3", "", "C", 74.8, 74.8, 39.37, 180],
		[45, "MENU_4", -612.48, -856.42, "T", "DIP", "MENU_4", "", "C", 74.8, 74.8, 39.37, 180],
		[46, "MENU_4", -612.48, -856.42, "B", "DIP", "MENU_4", "", "C", 74.8, 74.8, 39.37, 180],
		[47, "MODE_1", 47.92, -901.39, "T", "DIP", "MODE_1", "", "C", 78.74, 78.74, 47.24, 180],
		[48, "MODE_1", 47.92, -901.39, "B", "DIP", "MODE_1", "", "C", 78.74, 78.74, 47.24, 180],
		[49, "MODE_2", -207.98, -901.39, "T", "DIP", "GND", "GND", "C", 78.74, 78.74, 47.24, 180],
		[50, "MODE_2", -207.98, -901.39, "B", "DIP", "GND", "GND", "C", 78.74, 78.74, 47.24, 180],
		[51, "MODE_3", -207.98, -1078.55, "T", "DIP", "MODE_3", "", "C", 78.74, 78.74, 47.24, 180],
		[52, "MODE_3", -207.98, -1078.55, "B", "DIP", "MODE_3", "", "C", 78.74, 78.74, 47.24, 180],
		[53, "MODE_4", 47.92, -1078.55, "T", "DIP", "MODE", "", "C", 78.74, 78.74, 47.24, 180],
		[54, "MODE_4", 47.92, -1078.55, "B", "DIP", "MODE", "", "C", 78.74, 78.74, 47.24, 180],
		[55, "R1_1", -615, -2083.9, "T", "DIP", "VBAT", "", "C", 70.87, 70.87, 31.5, 180],
		[56, "R1_1", -615, -2083.9, "B", "DIP", "VBAT", "", "C", 70.87, 70.87, 31.5, 180],
		[57, "R1_2", -615, -1984, "T", "DIP", "R1_2", "", "C", 70.87, 70.87, 31.5, 180],
		[58, "R1_2", -615, -1984, "B", "DIP", "R1_2", "", "C", 70.87, 70.87, 31.5, 180],
		[59, "R2_1", -615, -1883.9, "T", "DIP", "R1_2", "", "C", 70.87, 70.87, 31.5, 180],
		[60, "R2_1", -615, -1883.9, "B", "DIP", "R1_2", "", "C", 70.87, 70.87, 31.5, 180],
		[61, "R2_2", -615, -1784, "T", "DIP", "GND", "GND", "C", 70.87, 70.87, 31.5, 180],
		[62, "R2_2", -615, -1784, "B", "DIP", "GND", "GND", "C", 70.87, 70.87, 31.5, 180],
		[63, "RLED1_1", -625.03, -374.97, "T", "DIP", "3V3", "", "C", 74, 74, 35.4, 90],
		[64, "RLED1_1", -625.03, -374.97, "B", "DIP", "3V3", "", "C", 74, 74, 35.4, 90],
		[65, "RLED1_2", -625.03, -74.97, "T", "DIP", "RLED1_2", "", "C", 74, 74, 35.4, 90],
		[66, "RLED1_2", -625.03, -74.97, "B", "DIP", "RLED1_2", "", "C", 74, 74, 35.4, 90],
		[67, "RLED2_1", 475, -375, "T", "DIP", "3V3", "", "C", 74, 74, 35.4, 90],
		[68, "RLED2_1", 475, -375, "B", "DIP", "3V3", "", "C", 74, 74, 35.4, 90],
		[69, "RLED2_2", 475, -75, "T", "DIP", "LED2_1", "", "C", 74, 74, 35.4, 90],
		[70, "RLED2_2", 475, -75, "B", "DIP", "LED2_1", "", "C", 74, 74, 35.4, 90],
		[71, "SRC_1", -595, -2655, "T", "DIP", "3V3", "", "C", 62, 62, 35, 270],
		[72, "SRC_1", -595, -2655, "B", "DIP", "3V3", "", "C", 62, 62, 35, 270],
		[73, "SRC_2", -595, -2755, "T", "DIP", "U2_1", "", "C", 62, 62, 35, 270],
		[74, "SRC_2", -595, -2755, "B", "DIP", "U2_1", "", "C", 62, 62, 35, 270],
		[75, "SRC_3", -595, -2855, "T", "DIP", "VBAT", "", "C", 62, 62, 36, 270],
		[76, "SRC_3", -595, -2855, "B", "DIP", "VBAT", "", "C", 62, 62, 36, 270],
		[77, "SW1_1", -555, -3151.89, "T", "DIP", "VBAT", "", "C", 62.99, 62.99, 39.37, 270],
		[78, "SW1_1", -555, -3151.89, "B", "DIP", "VBAT", "", "C", 62.99, 62.99, 39.37, 270],
		[79, "SW1_2", -555, -3270, "T", "DIP", "U5_6", "", "C", 62.99, 62.99, 39.37, 270],
		[80, "SW1_2", -555, -3270, "B", "DIP", "U5_6", "", "C", 62.99, 62.99, 39.37, 270],
		[81, "SW1_3", -555, -3388.11, "T", "DIP", "SW1_3", "", "C", 62.99, 62.99, 39.37, 270],
		[82, "SW1_3", -555, -3388.11, "B", "DIP", "SW1_3", "", "C", 62.99, 62.99, 39.37, 270],
		[83, "SW1_4", -555, -3498.35, "T", "DIP", "GND", "GND", "O", 55.12, 86.61, 62.99, 270],
		[84, "SW1_4", -555, -3498.35, "B", "DIP", "GND", "GND", "O", 55.12, 86.61, 62.99, 270],
		[85, "SW1_5", -555, -3041.66, "T", "DIP", "GND", "GND", "O", 55.12, 86.61, 62.99, 270],
		[86, "SW1_5", -555, -3041.66, "B", "DIP", "GND", "GND", "O", 55.12, 86.61, 62.99, 270],
		[87, "SYS_1", 457.48, -1033.59, "T", "DIP", "SYS", "", "C", 74.8, 74.8, 39.37, 180],
		[88, "SYS_1", 457.48, -1033.59, "B", "DIP", "SYS", "", "C", 74.8, 74.8, 39.37, 180],
		[89, "SYS_2", 457.48, -856.42, "T", "DIP", "GND", "GND", "C", 74.8, 74.8, 39.37, 180],
		[90, "SYS_2", 457.48, -856.42, "B", "DIP", "GND", "GND", "C", 74.8, 74.8, 39.37, 180],
		[91, "SYS_3", 142.52, -1033.59, "T", "DIP", "SYS_3", "", "C", 74.8, 74.8, 39.37, 180],
		[92, "SYS_3", 142.52, -1033.59, "B", "DIP", "SYS_3", "", "C", 74.8, 74.8, 39.37, 180],
		[93, "SYS_4", 142.52, -856.42, "T", "DIP", "SYS_4", "", "C", 74.8, 74.8, 39.37, 180],
		[94, "SYS_4", 142.52, -856.42, "B", "DIP", "SYS_4", "", "C", 74.8, 74.8, 39.37, 180],
		[95, "TRIGGER_1", 475, -715, "T", "DIP", "GND", "GND", "R", 62, 62, 35, 90],
		[96, "TRIGGER_1", 475, -715, "B", "DIP", "GND", "GND", "R", 62, 62, 35, 90],
		[97, "TRIGGER_2", 475, -615, "T", "DIP", "TRIGG", "", "C", 62, 62, 35, 90],
		[98, "TRIGGER_2", 475, -615, "B", "DIP", "TRIGG", "", "C", 62, 62, 35, 90],
		[99, "TRIGGER_3", 475, -515, "T", "DIP", "3V3", "", "C", 62, 62, 36, 90],
		[100, "TRIGGER_3", 475, -515, "B", "DIP", "3V3", "", "C", 62, 62, 36, 90],
		[101, "U1_A0", -350, -2630, "T", "DIP", "CE", "", "C", 74, 74, 40, 0],
		[102, "U1_A0", -350, -2630, "B", "DIP", "CE", "", "C", 74, 74, 40, 0],
		[103, "U1_A1", -350, -2730, "T", "DIP", "R1_2", "", "C", 74, 74, 40, 0],
		[104, "U1_A1", -350, -2730, "B", "DIP", "R1_2", "", "C", 74, 74, 40, 0],
		[105, "U1_A2", -350, -2830, "T", "DIP", "MENU", "", "C", 74, 74, 40, 0],
		[106, "U1_A2", -350, -2830, "B", "DIP", "MENU", "", "C", 74, 74, 40, 0],
		[107, "U1_A3", -350, -2930, "T", "DIP", "AXISY", "", "C", 74, 74, 40, 0],
		[108, "U1_A3", -350, -2930, "B", "DIP", "AXISY", "", "C", 74, 74, 40, 0],
		[109, "U1_A4", -235, -2885, "T", "DIP", "SDA", "", "C", 74, 74, 40, 180],
		[110, "U1_A4", -235, -2885, "B", "DIP", "SDA", "", "C", 74, 74, 40, 180],
		[111, "U1_A5", -235, -2985, "T", "DIP", "SCL", "", "C", 74, 74, 40, 180],
		[112, "U1_A5", -235, -2985, "B", "DIP", "SCL", "", "C", 74, 74, 40, 180],
		[113, "U1_A6", -150, -2230, "T", "DIP", "TRIGG", "", "C", 74, 74, 40, 180],
		[114, "U1_A6", -150, -2230, "B", "DIP", "TRIGG", "", "C", 74, 74, 40, 180],
		[115, "U1_A7", -250, -2230, "T", "DIP", "AXISX", "", "C", 74, 74, 40, 180],
		[116, "U1_A7", -250, -2230, "B", "DIP", "AXISX", "", "C", 74, 74, 40, 180],
		[117, "U1_D10", -350, -2230, "T", "DIP", "CSN", "", "C", 74, 74, 40, 0],
		[118, "U1_D10", -350, -2230, "B", "DIP", "CSN", "", "C", 74, 74, 40, 0],
		[119, "U1_D11", -350, -2330, "T", "DIP", "MOSI", "", "C", 74, 74, 40, 0],
		[120, "U1_D11", -350, -2330, "B", "DIP", "MOSI", "", "C", 74, 74, 40, 0],
		[121, "U1_D12", -350, -2430, "T", "DIP", "MISO", "", "C", 74, 74, 40, 0],
		[122, "U1_D12", -350, -2430, "B", "DIP", "MISO", "", "C", 74, 74, 40, 0],
		[123, "U1_D13", -350, -2530, "T", "DIP", "SCK", "", "C", 74, 74, 40, 0],
		[124, "U1_D13", -350, -2530, "B", "DIP", "SCK", "", "C", 74, 74, 40, 0],
		[125, "U1_D2", 250, -2930, "T", "DIP", "JOYBTN", "", "C", 74, 74, 40, 180],
		[126, "U1_D2", 250, -2930, "B", "DIP", "JOYBTN", "", "C", 74, 74, 40, 180],
		[127, "U1_D3", 250, -2830, "T", "DIP", "GP1", "", "C", 74, 74, 40, 180],
		[128, "U1_D3", 250, -2830, "B", "DIP", "GP1", "", "C", 74, 74, 40, 180],
		[129, "U1_D4", 250, -2730, "T", "DIP", "GP2", "", "C", 74, 74, 40, 180],
		[130, "U1_D4", 250, -2730, "B", "DIP", "GP2", "", "C", 74, 74, 40, 180],
		[131, "U1_D5", 250, -2630, "T", "DIP", "GP3", "", "C", 74, 74, 40, 180],
		[132, "U1_D5", 250, -2630, "B", "DIP", "GP3", "", "C", 74, 74, 40, 180],
		[133, "U1_D6", 250, -2530, "T", "DIP", "SYS", "", "C", 74, 74, 40, 180],
		[134, "U1_D6", 250, -2530, "B", "DIP", "SYS", "", "C", 74, 74, 40, 180],
		[135, "U1_D7", 250, -2430, "T", "DIP", "LED1", "", "C", 74, 74, 40, 180],
		[136, "U1_D7", 250, -2430, "B", "DIP", "LED1", "", "C", 74, 74, 40, 180],
		[137, "U1_D8", 250, -2330, "T", "DIP", "MODE", "", "C", 74, 74, 40, 180],
		[138, "U1_D8", 250, -2330, "B", "DIP", "MODE", "", "C", 74, 74, 40, 180],
		[139, "U1_D9", 250, -2230, "T", "DIP", "LED2", "", "C", 74, 74, 40, 180],
		[140, "U1_D9", 250, -2230, "B", "DIP", "LED2", "", "C", 74, 74, 40, 180],
		[141, "U1_GND", 250, -3030, "T", "DIP", "GND", "GND", "C", 74, 74, 40, 180],
		[142, "U1_GND", 250, -3030, "B", "DIP", "GND", "GND", "C", 74, 74, 40, 180],
		[143, "U1_GND", -350, -3230, "T", "DIP", "GND", "GND", "C", 74, 74, 40, 0],
		[144, "U1_GND", -350, -3230, "B", "DIP", "GND", "GND", "C", 74, 74, 40, 0],
		[145, "U1_GND", -50, -2230, "T", "DIP", "GND", "GND", "C", 74, 74, 40, 180],
		[146, "U1_GND", -50, -2230, "B", "DIP", "GND", "GND", "C", 74, 74, 40, 180],
		[147, "U1_RAW", -350, -3330, "T", "DIP", "U1_RAW", "", "C", 74, 74, 40, 0],
		[148, "U1_RAW", -350, -3330, "B", "DIP", "U1_RAW", "", "C", 74, 74, 40, 0],
		[149, "U1_RST", 250, -3130, "T", "DIP", "U1_RST", "", "C", 74, 74, 40, 180],
		[150, "U1_RST", 250, -3130, "B", "DIP", "U1_RST", "", "C", 74, 74, 40, 180],
		[151, "U1_RST", -350, -3130, "T", "DIP", "U1_A_RST", "", "C", 74, 74, 40, 0],
		[152, "U1_RST", -350, -3130, "B", "DIP", "U1_A_RST", "", "C", 74, 74, 40, 0],
		[153, "U1_RXI", 250, -3230, "T", "DIP", "GRIP", "", "C", 74, 74, 40, 180],
		[154, "U1_RXI", 250, -3230, "B", "DIP", "GRIP", "", "C", 74, 74, 40, 180],
		[155, "U1_TXO", 250, -3330, "T", "DIP", "U1_TXO", "", "C", 74, 74, 40, 180],
		[156, "U1_TXO", 250, -3330, "B", "DIP", "U1_TXO", "", "C", 74, 74, 40, 180],
		[157, "U1_VCC", -350, -3030, "T", "DIP", "3V3", "", "C", 74, 74, 40, 0],
		[158, "U1_VCC", -350, -3030, "B", "DIP", "3V3", "", "C", 74, 74, 40, 0],
		[159, "U2_1", 420, -1620, "T", "DIP", "U2_1", "", "C", 60, 60, 36, 270],
		[160, "U2_1", 420, -1620, "B", "DIP", "U2_1", "", "C", 60, 60, 36, 270],
		[161, "U2_2", 320, -1620, "T", "DIP", "GND", "GND", "C", 60, 60, 36, 270],
		[162, "U2_2", 320, -1620, "B", "DIP", "GND", "GND", "C", 60, 60, 36, 270],
		[163, "U2_3", 220, -1620, "T", "DIP", "SCL", "", "C", 60, 60, 36, 270],
		[164, "U2_3", 220, -1620, "B", "DIP", "SCL", "", "C", 60, 60, 36, 270],
		[165, "U2_4", 120, -1620, "T", "DIP", "SDA", "", "C", 60, 60, 36, 270],
		[166, "U2_4", 120, -1620, "B", "DIP", "SDA", "", "C", 60, 60, 36, 270],
		[167, "U3_1", -605.03, -1184.97, "T", "DIP", "GND", "GND", "R", 59.1, 59.1, 39.4, 90],
		[168, "U3_1", -605.03, -1184.97, "B", "DIP", "GND", "GND", "R", 59.1, 59.1, 39.4, 90],
		[169, "U3_2", -505.03, -1184.97, "T", "DIP", "3V3", "", "R", 59.1, 59.1, 39.4, 90],
		[170, "U3_2", -505.03, -1184.97, "B", "DIP", "3V3", "", "R", 59.1, 59.1, 39.4, 90],
		[171, "U3_3", -605.03, -1284.97, "T", "DIP", "CE", "", "R", 59.1, 59.1, 39.4, 90],
		[172, "U3_3", -605.03, -1284.97, "B", "DIP", "CE", "", "R", 59.1, 59.1, 39.4, 90],
		[173, "U3_4", -505.03, -1284.97, "T", "DIP", "CSN", "", "R", 59.1, 59.1, 39.4, 90],
		[174, "U3_4", -505.03, -1284.97, "B", "DIP", "CSN", "", "R", 59.1, 59.1, 39.4, 90],
		[175, "U3_5", -605.03, -1384.97, "T", "DIP", "SCK", "", "R", 59.1, 59.1, 39.4, 90],
		[176, "U3_5", -605.03, -1384.97, "B", "DIP", "SCK", "", "R", 59.1, 59.1, 39.4, 90],
		[177, "U3_6", -505.03, -1384.97, "T", "DIP", "MOSI", "", "R", 59.1, 59.1, 39.4, 90],
		[178, "U3_6", -505.03, -1384.97, "B", "DIP", "MOSI", "", "R", 59.1, 59.1, 39.4, 90],
		[179, "U3_7", -605.03, -1484.97, "T", "DIP", "MISO", "", "R", 59.1, 59.1, 39.4, 90],
		[180, "U3_7", -605.03, -1484.97, "B", "DIP", "MISO", "", "R", 59.1, 59.1, 39.4, 90],
		[181, "U3_8", -505.03, -1484.97, "T", "DIP", "U3_8", "", "R", 59.1, 59.1, 39.4, 90],
		[182, "U3_8", -505.03, -1484.97, "B", "DIP", "U3_8", "", "R", 59.1, 59.1, 39.4, 90],
		[183, "U4_1", -534.2, -2368.8, "T", "DIP", "3V3", "", "C", 70, 70, 32, 90],
		[184, "U4_1", -534.2, -2368.8, "B", "DIP", "3V3", "", "C", 70, 70, 32, 90],
		[185, "U4_2", -635.8, -2445, "T", "DIP", "VBAT", "", "C", 70, 70, 32, 90],
		[186, "U4_2", -635.8, -2445, "B", "DIP", "VBAT", "", "C", 70, 70, 32, 90],
		[187, "U4_3", -534.2, -2521.2, "T", "DIP", "GND", "GND", "C", 70, 70, 32, 90],
		[188, "U4_3", -534.2, -2521.2, "B", "DIP", "GND", "GND", "C", 70, 70, 32, 90],
		[189, "U5_1", -355, -4575, "T", "DIP", "U5_1", "", "R", 98.42, 98.42, 47.24, 90],
		[190, "U5_1", -355, -4575, "B", "DIP", "U5_1", "", "R", 98.42, 98.42, 47.24, 90],
		[191, "U5_2", 185, -4575, "T", "DIP", "U5_2", "", "R", 98.42, 98.42, 47.24, 90],
		[192, "U5_2", 185, -4575, "B", "DIP", "U5_2", "", "R", 98.42, 98.42, 47.24, 90],
		[193, "U5_3", 185, -3675, "T", "DIP", "GND", "GND", "R", 98.42, 98.42, 47.24, 90],
		[194, "U5_3", 185, -3675, "B", "DIP", "GND", "GND", "R", 98.42, 98.42, 47.24, 90],
		[195, "U5_4", 65, -3675, "T", "DIP", "U5_4", "", "R", 98.42, 98.42, 47.24, 90],
		[196, "U5_4", 65, -3675, "B", "DIP", "U5_4", "", "R", 98.42, 98.42, 47.24, 90],
		[197, "U5_5", -235, -3675, "T", "DIP", "U5_5", "", "R", 98.42, 98.42, 47.24, 90],
		[198, "U5_5", -235, -3675, "B", "DIP", "U5_5", "", "R", 98.42, 98.42, 47.24, 90],
		[199, "U5_6", -355, -3675, "T", "DIP", "U5_6", "", "R", 98.42, 98.42, 47.24, 90],
		[200, "U5_6", -355, -3675, "B", "DIP", "U5_6", "", "R", 98.42, 98.42, 47.24, 90],
		[201, "U6_1", -418.73, -283.4, "T", "DIP", "3V3", "", "C", 78.74, 78.74, 39.37, 0],
		[202, "U6_1", -418.73, -283.4, "B", "DIP", "3V3", "", "C", 78.74, 78.74, 39.37, 0],
		[203, "U6_2", -418.73, -184.97, "T", "DIP", "AXISY", "", "C", 78.74, 78.74, 39.37, 0],
		[204, "U6_2", -418.73, -184.97, "B", "DIP", "AXISY", "", "C", 78.74, 78.74, 39.37, 0],
		[205, "U6_3", -418.73, -86.55, "T", "DIP", "GND", "GND", "C", 78.74, 78.74, 39.37, 0],
		[206, "U6_3", -418.73, -86.55, "B", "DIP", "GND", "GND", "C", 78.74, 78.74, 39.37, 0],
		[207, "U6_4", -173.45, 158.73, "T", "DIP", "3V3", "", "C", 78.74, 78.74, 39.37, 0],
		[208, "U6_4", -173.45, 158.73, "B", "DIP", "3V3", "", "C", 78.74, 78.74, 39.37, 0],
		[209, "U6_5", -75.03, 158.73, "T", "DIP", "AXISX", "", "C", 78.74, 78.74, 39.37, 0],
		[210, "U6_5", -75.03, 158.73, "B", "DIP", "AXISX", "", "C", 78.74, 78.74, 39.37, 0],
		[211, "U6_6", 23.4, 158.73, "T", "DIP", "GND", "GND", "C", 78.74, 78.74, 39.37, 0],
		[212, "U6_6", 23.4, 158.73, "B", "DIP", "GND", "GND", "C", 78.74, 78.74, 39.37, 0],
		[213, "U6_7", 151.35, -57.02, "T", "DIP", "GND", "GND", "C", 78.74, 78.74, 47.24, 0],
		[214, "U6_7", 151.35, -57.02, "B", "DIP", "GND", "GND", "C", 78.74, 78.74, 47.24, 0],
		[215, "U6_8", 328.51, -57.02, "T", "DIP", "JOYBTN", "", "C", 78.74, 78.74, 47.24, 0],
		[216, "U6_8", 328.51, -57.02, "B", "DIP", "JOYBTN", "", "C", 78.74, 78.74, 47.24, 0],
		[217, "U6_9", 328.51, -312.92, "T", "DIP", "U6_9", "", "C", 78.74, 78.74, 47.24, 0],
		[218, "U6_9", 328.51, -312.92, "B", "DIP", "U6_9", "", "C", 78.74, 78.74, 47.24, 0],
		[219, "U6_10", 151.35, -312.92, "T", "DIP", "U6_10", "", "C", 78.74, 78.74, 47.24, 0],
		[220, "U6_10", 151.35, -312.92, "B", "DIP", "U6_10", "", "C", 78.74, 78.74, 47.24, 0],
		[221, "U6_11", -271.88, -433.99, "T", "DIP", "GND", "GND", "C", 98.42, 98.42, 59.06, 0],
		[222, "U6_11", -271.88, -433.99, "B", "DIP", "GND", "GND", "C", 98.42, 98.42, 59.06, 0],
		[223, "U6_12", -271.88, 64.05, "T", "DIP", "GND", "GND", "C", 98.42, 98.42, 59.06, 0],
		[224, "U6_12", -271.88, 64.05, "B", "DIP", "GND", "GND", "C", 98.42, 98.42, 59.06, 0],
		[225, "U6_13", 121.82, 64.05, "T", "DIP", "GND", "GND", "C", 98.42, 98.42, 59.06, 0],
		[226, "U6_13", 121.82, 64.05, "B", "DIP", "GND", "GND", "C", 98.42, 98.42, 59.06, 0],
		[227, "U6_14", 121.82, -433.99, "T", "DIP", "GND", "GND", "C", 98.42, 98.42, 59.06, 0],
		[228, "U6_14", 121.82, -433.99, "B", "DIP", "GND", "GND", "C", 98.42, 98.42, 59.06, 0],
		[229, "PAD1_3", 185.03, -3675.03, "T", "DIP", "GND", "GND", "R", 98.42, 98.42, 59, 90],
		[230, "PAD1_3", 185.03, -3675.03, "B", "DIP", "GND", "GND", "R", 98.42, 98.42, 59, 90],
		[231, "PAD2_4", 65, -3675, "T", "DIP", "U5_4", "", "R", 98.42, 98.42, 59, 90],
		[232, "PAD2_4", 65, -3675, "B", "DIP", "U5_4", "", "R", 98.42, 98.42, 59, 90],
		[233, "PAD3_5", -235, -3675, "T", "DIP", "U5_5", "", "R", 98.42, 98.42, 59, 90],
		[234, "PAD3_5", -235, -3675, "B", "DIP", "U5_5", "", "R", 98.42, 98.42, 59, 90],
		[235, "PAD4_6", -355, -3675, "T", "DIP", "U5_6", "", "R", 98.42, 98.42, 59, 90],
		[236, "PAD4_6", -355, -3675, "B", "DIP", "U5_6", "", "R", 98.42, 98.42, 59, 90],
		[237, "PAD5_7", -235, -2580, "T", "DIP", "AXISX", "", "C", 74.02, 74.02, 40, 0],
		[238, "PAD5_7", -235, -2580, "B", "DIP", "AXISX", "", "C", 74.02, 74.02, 40, 0],
		[239, "PAD6_7", -235, -2480, "T", "DIP", "TRIGG", "", "C", 74.02, 74.02, 40, 0],
		[240, "PAD6_7", -235, -2480, "B", "DIP", "TRIGG", "", "C", 74.02, 74.02, 40, 0]
	]
}
}